{"cameraMode":{"drawMode":0,"name":"Shaded","section":"Shading Mode"},"sceneLighting":false,"audioPlay":false,"sceneViewState":{"showFog":true,"showMaterialUpdate":true,"showSkybox":true,"showFlares":true,"showImageEffects":true,"showParticleSystems":true},"in2DMode":false,"pivot":{"x":0.8183994293212891,"y":-1.4375133514404297,"z":-6.422517776489258},"rotation":{"x":-0.06017191708087921,"y":-0.3083285689353943,"z":0.019548378884792329,"w":-0.9491736888885498},"size":12.519420623779297,"orthographic":false}